Date,Time,Location
14/3/2022,0:00:00,Benda Baru
14/3/2022,1:00:00,Benda Baru
14/3/2022,2:00:00,Benda Baru
14/3/2022,3:00:00,Benda Baru
14/3/2022,4:00:00,Benda Baru
14/3/2022,5:00:00,Benda Baru
14/3/2022,6:00:00,Benda Baru
14/3/2022,7:00:00,Benda Baru
14/3/2022,8:00:00,Pondok Cabe Udik
14/3/2022,9:00:00,Cinere
14/3/2022,10:00:00,Limo
14/3/2022,11:00:00,Limo
14/3/2022,12:00:00,Limo
14/3/2022,13:00:00,Limo
14/3/2022,14:00:00,Limo
14/3/2022,15:00:00,Limo
14/3/2022,16:00:00,Cinere
14/3/2022,17:00:00,Pondok Cabe Udik
14/3/2022,18:00:00,Benda Baru
14/3/2022,19:00:00,Benda Baru
14/3/2022,20:00:00,Benda Baru
14/3/2022,21:00:00,Benda Baru
14/3/2022,22:00:00,Benda Baru
14/3/2022,23:00:00,Benda Baru
15/3/2022,0:00:00,Benda Baru
15/3/2022,1:00:00,Benda Baru
15/3/2022,2:00:00,Benda Baru
15/3/2022,3:00:00,Benda Baru
15/3/2022,4:00:00,Benda Baru
15/3/2022,5:00:00,Benda Baru
15/3/2022,6:00:00,Benda Baru
15/3/2022,7:00:00,Benda Baru
15/3/2022,8:00:00,Pondok Cabe Udik
15/3/2022,9:00:00,Cinere
15/3/2022,10:00:00,Limo
15/3/2022,11:00:00,Limo
15/3/2022,12:00:00,Limo
15/3/2022,13:00:00,Limo
15/3/2022,14:00:00,Limo
15/3/2022,15:00:00,Limo
15/3/2022,16:00:00,Cinere
15/3/2022,17:00:00,Pondok Cabe Udik
15/3/2022,18:00:00,Benda Baru
15/3/2022,19:00:00,Benda Baru
15/3/2022,20:00:00,Benda Baru
15/3/2022,21:00:00,Benda Baru
15/3/2022,22:00:00,Benda Baru
15/3/2022,23:00:00,Benda Baru
16/3/2022,0:00:00,Benda Baru
16/3/2022,1:00:00,Benda Baru
16/3/2022,2:00:00,Benda Baru
16/3/2022,3:00:00,Benda Baru
16/3/2022,4:00:00,Benda Baru
16/3/2022,5:00:00,Benda Baru
16/3/2022,6:00:00,Benda Baru
16/3/2022,7:00:00,Benda Baru
16/3/2022,8:00:00,Pondok Cabe Udik
16/3/2022,9:00:00,Cinere
16/3/2022,10:00:00,Limo
16/3/2022,11:00:00,Limo
16/3/2022,12:00:00,Limo
16/3/2022,13:00:00,Limo
16/3/2022,14:00:00,Limo
16/3/2022,15:00:00,Limo
16/3/2022,16:00:00,Cinere
16/3/2022,17:00:00,Pondok Cabe Udik
16/3/2022,18:00:00,Benda Baru
16/3/2022,19:00:00,Benda Baru
16/3/2022,20:00:00,Benda Baru
16/3/2022,21:00:00,Benda Baru
16/3/2022,22:00:00,Benda Baru
16/3/2022,23:00:00,Benda Baru
17/3/2022,0:00:00,Benda Baru
17/3/2022,1:00:00,Benda Baru
17/3/2022,2:00:00,Benda Baru
17/3/2022,3:00:00,Benda Baru
17/3/2022,4:00:00,Benda Baru
17/3/2022,5:00:00,Benda Baru
17/3/2022,6:00:00,Benda Baru
17/3/2022,7:00:00,Benda Baru
17/3/2022,8:00:00,Pondok Cabe Udik
17/3/2022,9:00:00,Cinere
17/3/2022,10:00:00,Limo
17/3/2022,11:00:00,Limo
17/3/2022,12:00:00,Limo
17/3/2022,13:00:00,Limo
17/3/2022,14:00:00,Limo
17/3/2022,15:00:00,Limo
17/3/2022,16:00:00,Cinere
17/3/2022,17:00:00,Pondok Cabe Udik
17/3/2022,18:00:00,Benda Baru
17/3/2022,19:00:00,Benda Baru
17/3/2022,20:00:00,Benda Baru
17/3/2022,21:00:00,Benda Baru
17/3/2022,22:00:00,Benda Baru
17/3/2022,23:00:00,Benda Baru
18/3/2022,0:00:00,Benda Baru
18/3/2022,1:00:00,Benda Baru
18/3/2022,2:00:00,Benda Baru
18/3/2022,3:00:00,Benda Baru
18/3/2022,4:00:00,Benda Baru
18/3/2022,5:00:00,Benda Baru
18/3/2022,6:00:00,Benda Baru
18/3/2022,7:00:00,Benda Baru
18/3/2022,8:00:00,Pondok Cabe Udik
18/3/2022,9:00:00,Cinere
18/3/2022,10:00:00,Limo
18/3/2022,11:00:00,Limo
18/3/2022,12:00:00,Limo
18/3/2022,13:00:00,Limo
18/3/2022,14:00:00,Limo
18/3/2022,15:00:00,Limo
18/3/2022,16:00:00,Cinere
18/3/2022,17:00:00,Pondok Cabe Udik
18/3/2022,18:00:00,Benda Baru
18/3/2022,19:00:00,Benda Baru
18/3/2022,20:00:00,Benda Baru
18/3/2022,21:00:00,Benda Baru
18/3/2022,22:00:00,Benda Baru
18/3/2022,23:00:00,Benda Baru
19/3/2022,0:00:00,Benda Baru
19/3/2022,1:00:00,Benda Baru
19/3/2022,2:00:00,Benda Baru
19/3/2022,3:00:00,Benda Baru
19/3/2022,4:00:00,Benda Baru
19/3/2022,5:00:00,Benda Baru
19/3/2022,6:00:00,Benda Baru
19/3/2022,7:00:00,Benda Baru
19/3/2022,8:00:00,Benda Baru
19/3/2022,9:00:00,Benda Baru
19/3/2022,10:00:00,Benda Baru
19/3/2022,11:00:00,Pondok Petir
19/3/2022,12:00:00,Pondok Petir
19/3/2022,13:00:00,Pondok Petir
19/3/2022,14:00:00,Pondok Petir
19/3/2022,15:00:00,Pondok Petir
19/3/2022,16:00:00,Pondok Petir
19/3/2022,17:00:00,Pondok Petir
19/3/2022,18:00:00,Pondok Petir
19/3/2022,19:00:00,Pondok Petir
19/3/2022,20:00:00,Pondok Petir
19/3/2022,21:00:00,Benda Baru
19/3/2022,22:00:00,Benda Baru
19/3/2022,23:00:00,Benda Baru
20/3/2022,0:00:00,Benda Baru
20/3/2022,1:00:00,Benda Baru
20/3/2022,2:00:00,Benda Baru
20/3/2022,3:00:00,Benda Baru
20/3/2022,4:00:00,Benda Baru
20/3/2022,5:00:00,Benda Baru
20/3/2022,6:00:00,Benda Baru
20/3/2022,7:00:00,Benda Baru
20/3/2022,8:00:00,Benda Baru
20/3/2022,9:00:00,Benda Baru
20/3/2022,10:00:00,Benda Baru
20/3/2022,11:00:00,Pondok Petir
20/3/2022,12:00:00,Pondok Petir
20/3/2022,13:00:00,Pondok Petir
20/3/2022,14:00:00,Pondok Petir
20/3/2022,15:00:00,Pondok Petir
20/3/2022,16:00:00,Pondok Petir
20/3/2022,17:00:00,Pondok Petir
20/3/2022,18:00:00,Pondok Petir
20/3/2022,19:00:00,Pondok Petir
20/3/2022,20:00:00,Pondok Petir
20/3/2022,21:00:00,Benda Baru
20/3/2022,22:00:00,Benda Baru
20/3/2022,23:00:00,Benda Baru
